Object,Action Type,Rule Group,Rule Name,Status,Condition,Actions
Incident,ClearEscalation,01-Initial State,01- Pharmacy Follow Up Dispo,Enabled,"If (Incidents > Disposition  is modified this edit    AND  Incidents > Disposition  equals  Pharmacist Follow-Up - Pending 1st Touch, Pharmacist Follow-Up - Pending 2nd Touch, Pharmacist Follow-Up - Pending Tech Follow-Up, Clinic Email - Pending 1st Touch, Clinic Email - Pending 2nd Touch, Clinic Email - Pending Tech Follow-Up, Rx Pharm Follow Up, Rx Technician Follow Up, Rx Lead Follow-Up  AND  Incidents > Status  not equals  Solved)",Clear Escalation
Incident,ClearEscalation,02-Updated State,02-Q&A Updated,Enabled,If (Incidents > Mailbox  equals  Chewy  AND  Incidents > Queue  equals  Q&A  AND  Incidents > Updated from  equals  Techmail - Service Mailbox),Clear Escalation
Incident,ClearEscalation,02-Updated State,02-Trupanion Updated,Enabled,If (Incidents > Mailbox  equals  Chewy  AND  Incidents > Queue  equals  Insurance Email  AND  Incidents > Updated from  equals  Techmail - Service Mailbox),Clear Escalation
Incident,ClearEscalation,02-Updated State,02-Tiger Team Updated,Disabled,"If (Incidents > Mailbox  equals  RX, Vet Diet, Chewy  AND  Incidents > Queue  equals  Tiger Team Escalation, Tiger Team Urgent Queue  AND  Incidents > Updated from  equals  Techmail - Service Mailbox)",Clear Escalation
Incident,ClearEscalation,02-Updated State,02-G- Tiger Team Updated,Enabled,"If (Incidents > Mailbox  equals  RX, Vet Diet, Chewy  AND  Incidents > Queue  equals  Tiger Team Escalation, Tiger Team Urgent Queue  AND  Incidents > Previous Assigned  equals  Tiger Team)",Clear Escalation
Incident,ClearEscalation,02-Updated State,02-Rx Tiger Team Updated,Disabled,"If (Incidents > Mailbox  equals  RX, Chewy  AND  Incidents > Queue  equals  Rx Tiger Team  AND  Incidents > Updated from  equals  Techmail - Service Mailbox)",Clear Escalation
Incident,ClearEscalation,02-Updated State,02G-Rx Tiger Team Updated,Enabled,"If (Incidents > Mailbox  equals  RX, Chewy  AND  Incidents > Queue  equals  Rx Tiger Team  AND  Incidents > Updated from  equals  Techmail - Service Mailbox)",Clear Escalation
Incident,ClearEscalation,02-Updated State,02- Pharmacy Follow Up Dispo,Enabled,"If (Incidents > Disposition  is modified this edit    AND  Incidents > Disposition  equals  Pharmacist Follow-Up - Pending 1st Touch, Pharmacist Follow-Up - Pending 2nd Touch, Pharmacist Follow-Up - Pending Tech Follow-Up, Clinic Email - Pending 1st Touch, Clinic Email - Pending 2nd Touch, Clinic Email - Pending Tech Follow-Up, Rx Pharm Follow Up, Rx Technician Follow Up, Rx Lead Follow-Up  AND  Incidents > Status  not equals  Solved)",Clear Escalation
Incident,ClearEscalation,02-Updated State,02–Vendor Portal Waiting Update,Enabled,"If (Incidents > Queue  equals  Central Scheduling, Vendor Compliance, Vendor Specialists, MSS Ops, MSS Ops Escalation, Accounting - AP Inventory, Accounting - AR/Vendor Rebate Billing, Accounting - AP Holds, EDI, TRANSPORTATION - CPU, TRANSPORTATION - RTS & Inbound Freight, TRANSPORTATION – Accesorials, Drop Ship - Supply Chain - Operations, Drop Ship - Supply Chain - Packaging, Drop Ship - Merchandising, VSP - Routing, MSS - Content, Supply Planning, MSS - Pricing, MSS - Catalog, MSS - Feedback  AND  Incidents > Status  is modified this edit    AND  Incidents > Status  equals  Updated  AND  Incidents > Disposition  equals  Waiting for Vendor Response)",Clear Escalation
Incident,ClearEscalation,03-Vet Diet State,03- Vet Diet OCR Complete,Enabled,"If (Incidents > Escalation Level  is modified this edit    AND  Incidents > Escalation Level  equals  OCR2complete, OCRpending  AND  Incidents > Status  not equals  Solved  AND  Incidents > Category  not equals  Denial> Pet Needs to be Seen, Denial>Wrong Pet, Denial>Wrong Pet, Denial>Wrong Item, Denial>Not a Client, Denial>Other)",Clear Escalation
Incident,ClearEscalation,03-Vet Diet State,03- Vet Diet OCR Complete Denied,Enabled,"If (Incidents > Escalation Level  is modified this edit    AND  Incidents > Escalation Level  equals  OCR2complete, OCRpending  AND  Incidents > Status  not equals  Solved  AND  Incidents > Category  equals  Denial> Pet Needs to be Seen, Denial>Wrong Pet, Denial>Wrong Pet, Denial>Wrong Item, Denial>Not a Client, Denial>Other)",Clear Escalation
Incident,ClearEscalation,04-Pharmacy State,04- Set AVP Data Entry,Enabled,"If (Incidents > Escalation Level  is modified this edit    AND  Incidents > Escalation Level  equals  Pending Contact Sync  AND  Incidents > Previous Escalation Level  not equals  Pending Contact Sync  AND  Incidents > Queue  not equals  Rx Pharmacy DUR, Rx Pharmacy DUR - AVP, Rx Pharmacy DUR Correction, Rx Priority DUR Queue, Rx TeleMed DUR  AND  Custom Field > Channel  equals  Gabapentin)",Clear Escalation
Incident,ClearEscalation,04-Pharmacy State,04- Set OnSite Data Entry,Enabled,"If (Incidents > Escalation Level  is modified this edit    AND  Incidents > Escalation Level  equals  Pending Contact Sync  AND  Incidents > Previous Escalation Level  not equals  Pending Contact Sync  AND  Incidents > Category  not equals  LS Outbound Prescription Follow-Up  AND  Custom Field > Shipping Address State  equals  AL, OR)",Clear Escalation
Incident,ClearEscalation,04-Pharmacy State,04- Set SDF Data Entry,Enabled,If (Incidents > Escalation Level  is modified this edit    AND  Incidents > Escalation Level  equals  Pending Contact Sync  AND  Incidents > Previous Escalation Level  not equals  Pending Contact Sync  AND  Incidents > Category  not equals  LS Outbound Prescription Follow-Up  AND  Custom Field > Channel  not equals  Gabapentin),Clear Escalation
Incident,ClearEscalation,04-Pharmacy State,04- Pharmacy New Order - SDF,Enabled,"If (Incidents > Escalation Level  is modified this edit    AND  Incidents > Escalation Level  equals  PharmacyNewOrder  AND  Custom Field > OpenMethods Status  equals  PendingNewOrder  AND  Incidents > Queue  equals  Rx First Contact, Rx New Order  AND  Custom Field > Channel  not equals  Gabapentin)",Clear Escalation
Incident,ClearEscalation,04-Pharmacy State,04- Pharmacy New Order - AVP,Enabled,"If (Incidents > Escalation Level  is modified this edit    AND  Incidents > Escalation Level  equals  PharmacyNewOrder  AND  Custom Field > OpenMethods Status  equals  PendingNewOrder  AND  Incidents > Queue  equals  Rx First Contact, Rx New Order  AND  Custom Field > Channel  equals  Gabapentin)",Clear Escalation
Incident,ClearEscalation,04-Pharmacy State,04- Pharmacy Follow Up Dispo,Enabled,"If (Incidents > Disposition  is modified this edit    AND  Incidents > Disposition  equals  Pharmacist Follow-Up - Pending 1st Touch, Pharmacist Follow-Up - Pending 2nd Touch, Pharmacist Follow-Up - Pending Tech Follow-Up, Clinic Email - Pending 1st Touch, Clinic Email - Pending 2nd Touch, Clinic Email - Pending Tech Follow-Up, Rx Pharm Follow Up, Rx Technician Follow Up, Rx Lead Follow-Up  AND  Incidents > Status  not equals  Solved)",Clear Escalation
Incident,ClearEscalation,05-Chewy Vet Care,05.06 Transfer to other teams,Enabled,"If (Incidents > Disposition  equals  Accounting, Customer Service, FC, PAW, Rescue, RX Pharmacy Tech, Supply, Team Leads, Vet Diet, Q&A, Legal, Merch, Tiger Team Escalation, The Zoo, Canada Team, Chewy+, CarePlus, Get Real)",Clear Escalation
Incident,ClearEscalation,50-Chewy CA State,50-CA-Vendor Portal Waiting Update,Enabled,"If (Incidents > Queue  equals  CA - Accounting - AP Inventory, CA - Accounting - AP Holds, CA - Accounting - AR/Ven. Rebate Billing, CA - Central Scheduling, CA - Drop Ship - Merchandising, CA - Drop Ship - SC - Operation, CA - Drop Ship - SC - Packing, CA - EDI, CA - MSS - Catalog, CA - MSS - Content, CA - MSS - Feedback, CA - MSS - Pricing, CA - MSS Ops, CA - MSS Ops Escalation, CA - Supply Planning, CA -TRANSPORATION - Accesorials, CA - TRANSPORATION - CPU, CA - TRANSPORATION - RTS & Inbound, CA - Vendor Compliance, CA - Vendor Specialist, CA - VSP - Routing  AND  Incidents > Interface  equals  chewyca  AND  Incidents > Status  is modified this edit    AND  Incidents > Status  equals  Updated  AND  Incidents > Disposition  equals  Waiting for Vendor Response)",Clear Escalation
Incident,ClearEscalation,50-Chewy CA State,50-CA-Q&A Updated,Enabled,If (Incidents > Mailbox  equals  chewyca@custhelp.com  AND  Incidents > Queue  equals  CA - Q&A  AND  Incidents > Updated from  equals  Techmail - Service Mailbox  AND  Incidents > Interface  equals  chewyca),Clear Escalation
Incident,ClearEscalation,F06A-Reassign to Customer Service Queue,F06A-Unassign - Action,Enabled,"If (Incidents > Escalation Level  equals  Unassign  AND  Incidents > Previous Escalation Level  not equals  Unassign  AND  Incidents > Assigned  not equals  Unspecified  AND  Incidents > Status  equals  Unresolved, Waiting, Unspecified)",Clear Escalation
Incident,ClearEscalation,F06B-Reassign to Customer Service Queue,F06BUnassign for Updated Status - Action,Enabled,If (Incidents > Escalation Level  equals  Unassign Updated Status  AND  Incidents > Previous Escalation Level  not equals  Unassign Updated Status  AND  Incidents > Assigned  not equals  Unspecified  AND  Incidents > Status  equals  Updated),Clear Escalation
Incident,ClearEscalation,F06C-Reassign to Customer Service OM,F06C-Unassign - Action,Enabled,"If (Incidents > Escalation Level  equals  UnassignOM  AND  Incidents > Previous Escalation Level  not equals  UnassignOM  AND  Incidents > Assigned  not equals  Unspecified  AND  Incidents > Status  equals  Unresolved, Updated, Waiting, Unspecified)",Clear Escalation
Incident,ClearEscalation,F06D-Reassign to Vet Diet OM,F06D-Unassign - Action,Enabled,"If (Incidents > Escalation Level  equals  UnassignVetDietOM  AND  Incidents > Previous Escalation Level  not equals  UnassignVetDietOM  AND  Incidents > Assigned  not equals  Unspecified  AND  Incidents > Status  equals  Unresolved, Updated, Waiting, Unspecified)",Clear Escalation
Incident,ClearEscalation,F06D-Reassign to Vet Diet OM,F06D-Unassign Fax - Action,Enabled,"If (Incidents > Escalation Level  equals  UnassignVetDietFax  AND  Incidents > Previous Escalation Level  not equals  UnassignVetDietFax  AND  Incidents > Assigned  not equals  Unspecified  AND  Incidents > Status  equals  Unresolved, Updated, Waiting, Unspecified)",Clear Escalation
Incident,ClearEscalation,F06E-Reassign to Pharmacy OM,F06E-Unassign - Action,Enabled,"If (Incidents > Escalation Level  equals  UnassignPharmacyOM  AND  Incidents > Previous Escalation Level  not equals  UnassignPharmacyOM  AND  Incidents > Assigned  not equals  Unspecified  AND  Incidents > Status  equals  Unresolved, Updated, Waiting, Unspecified  AND  Incidents > Queue  equals  ADHOC Pharmacy Queue, Rx AVP Priority Specialty Meds, Rx AVP Priority Specialty Meds Pending, Rx First Contact, Rx First Contact - AVP, Rx New Order, Rx New Order - AVP, Rx Partial Approvals, Rx Pharmacy Data Entry, Rx Pharmacy Data Entry – Onsite, Rx Pharmacy Data Entry - AVP, Rx Pharmacy DUR Correction, Rx Pharmacy DUR Correction - AVP, Rx Pharmacy Tech Fax Priority, Rx Priority Specialty Meds, Rx Priority Specialty Meds Pending, Rx Technician Follow-Up, Rx Technician Follow-Up - AVP, Rx Third Contact, Rx Third Contact - AVP, Rx Third Contact Pending, Rx Third Contact Pending - AVP)",Clear Escalation
Incident,ClearEscalation,F06E-Reassign to Pharmacy OM,F06E – Unassign DUR – Action,Enabled,"If (Incidents > Escalation Level  equals  UnassignDUR  AND  Incidents > Previous Escalation Level  not equals  UnassignDUR  AND  Incidents > Assigned  is not null    AND  Incidents > Status  equals  Unspecified, Unresolved, Updated, Waiting  AND  Incidents > Queue  equals  Rx Pharmacy DUR, Rx Pharmacy DUR - AVP, Rx Priority DUR Queue, Rx TeleMed DUR)",Clear Escalation
Incident,ClearEscalation,F06E-Reassign to Pharmacy OM,F06E - Unassign CSRX - Action,Enabled,"If (Incidents > Previous Escalation Level  not equals  UnassignHC  AND  Incidents > Escalation Level  equals  UnassignHC  AND  Incidents > Assigned  is not null    AND  Incidents > Status  equals  Unspecified, Follow-Up, Unresolved, Updated, Waiting  AND  Incidents > Queue  equals  Medications and Prescriptions, Rx Pharmacy Tech Email)",Clear Escalation
Incident,ClearEscalation,F06f-Call Unassign Function Team Leads,F06F-Unassign TL - Action,Enabled,"If (Incidents > Escalation Level  equals  Team Lead Unassign Escalation  AND  Incidents > Previous Escalation Level  not equals  Team Lead Unassign Escalation  AND  Incidents > Assigned  not equals  Unspecified  AND  Incidents > Status  equals  Unresolved, Updated, Waiting, Unspecified)",Clear Escalation
Incident,ClearEscalation,F07-Team Lead Escalation,Team Lead - Action,Enabled,If (Incidents > Escalation Level  equals  Team Lead  AND  Incidents > Previous Escalation Level  not equals  Team Lead),Clear Escalation
Incident,ClearEscalation,F07A-Tiger Team Follow Up,Tiger Team Follow Up - Action,Enabled,If (Incidents > Escalation Level  equals  Tiger Team  AND  Incidents > Previous Escalation Level  not equals  Tiger Team),Clear Escalation
Incident,ClearEscalation,F08-NPS or PDI Reassign to Queue,NPS or PDI Unassign - Action,Enabled,If (Incidents > Escalation Level  equals  NPS Unassign  AND  Incidents > Previous Escalation Level  not equals  NPS Unassign),Clear Escalation
Incident,ClearEscalation,F10-Pharmacy Vet Waiting,F10- Rx Waiting Touch 2 - Action,Disabled,If (Incidents > Escalation Level  equals  Pharmacy Waiting Touch 2  AND  Incidents > Previous Escalation Level  not equals  Pharmacy Waiting Touch 2  AND  Incidents > Disposition  equals  Pending Second Contact  AND  Incidents > Queue  equals  Rx Waiting Queue  AND  Incidents > Status  equals  Waiting),Clear Escalation
Incident,ClearEscalation,F10-Pharmacy Vet Waiting,F10- Rx SDF Waiting Touch 2 - Action,Enabled,If (Incidents > Escalation Level  equals  Pharmacy Waiting Touch 2  AND  Incidents > Previous Escalation Level  not equals  Pharmacy Waiting Touch 2  AND  Incidents > Escalation Level  is modified this edit    AND  Custom Field > Channel  not equals  Gabapentin),Clear Escalation
Incident,ClearEscalation,F10-Pharmacy Vet Waiting,F10- Rx AVP Waiting Touch 2 - Action,Enabled,If (Incidents > Escalation Level  equals  Pharmacy Waiting Touch 2  AND  Incidents > Previous Escalation Level  not equals  Pharmacy Waiting Touch 2  AND  Incidents > Escalation Level  is modified this edit    AND  Custom Field > Channel  equals  Gabapentin),Clear Escalation
Incident,ClearEscalation,F10-Pharmacy Vet Waiting,F10- Rx Waiting Touch 3 - Action,Disabled,If (Incidents > Escalation Level  equals  Pharmacy Waiting Touch 3  AND  Incidents > Previous Escalation Level  not equals  Pharmacy Waiting Touch 3  AND  Incidents > Disposition  equals  Pending Third Contact  AND  Incidents > Queue  equals  Rx Waiting Queue  AND  Incidents > Status  equals  Waiting),Clear Escalation
Incident,ClearEscalation,F10-Pharmacy Vet Waiting,F10- Rx SDF Waiting Touch 3 - Action,Enabled,If (Incidents > Escalation Level  equals  Pharmacy Waiting Touch 3  AND  Incidents > Previous Escalation Level  not equals  Pharmacy Waiting Touch 3  AND  Incidents > Escalation Level  is modified this edit    AND  Custom Field > Channel  not equals  Gabapentin),Clear Escalation
Incident,ClearEscalation,F10-Pharmacy Vet Waiting,F10- Rx AVP Waiting Touch 3 - Action,Enabled,If (Incidents > Escalation Level  equals  Pharmacy Waiting Touch 3  AND  Incidents > Previous Escalation Level  not equals  Pharmacy Waiting Touch 3  AND  Incidents > Escalation Level  is modified this edit    AND  Custom Field > Channel  equals  Gabapentin),Clear Escalation
Incident,ClearEscalation,F10-Pharmacy Vet Waiting,F10- Rx Pending Reship - Action,Enabled,If (Incidents > Escalation Level  equals  Pharmacy Pending Reship  AND  Incidents > Disposition  equals  Pending Reship  AND  Incidents > Queue  equals  Rx Waiting Queue  AND  Incidents > Status  equals  Waiting  AND  Custom Field > Channel  not equals  Gabapentin),Clear Escalation
Incident,ClearEscalation,F10-Pharmacy Vet Waiting,F10- Rx Pending Reship - AVP - Gaba - Action,Enabled,If (Incidents > Escalation Level  equals  Rx Pharmacy Pending Reship AVP  AND  Incidents > Disposition  equals  Pending Reship  AND  Incidents > Queue  equals  Rx Waiting Queue  AND  Incidents > Status  equals  Waiting  AND  Custom Field > Channel  equals  Gabapentin),Clear Escalation
Incident,ClearEscalation,F10-Pharmacy Vet Waiting,F10- Rx Waiting LS Touch 2 - Action,Disabled,If (Incidents > Escalation Level  equals  Pharmacy Waiting Touch LS 2  AND  Incidents > Previous Escalation Level  not equals  Pharmacy Waiting Touch LS 2  AND  Incidents > Disposition  equals  Pending LS Second Contact  AND  Incidents > Queue  equals  Rx Waiting Queue  AND  Incidents > Status  equals  Waiting),Clear Escalation
Incident,ClearEscalation,F10-Pharmacy Vet Waiting,F10- Rx SDF Waiting LS Touch 2 - Action,Enabled,If (Incidents > Escalation Level  equals  Pharmacy Waiting Touch LS 2  AND  Incidents > Previous Escalation Level  not equals  Pharmacy Waiting Touch LS 2  AND  Incidents > Disposition  equals  Pending LS Second Contact  AND  Incidents > Queue  equals  Rx Waiting Queue  AND  Incidents > Status  equals  Waiting  AND  Custom Field > Channel  not equals  Gabapentin),Clear Escalation
Incident,ClearEscalation,F10-Pharmacy Vet Waiting,F10- Rx AVP Waiting LS Touch 2 - Action,Enabled,If (Incidents > Escalation Level  equals  Pharmacy Waiting Touch LS 2  AND  Incidents > Previous Escalation Level  not equals  Pharmacy Waiting Touch LS 2  AND  Incidents > Disposition  equals  Pending LS Second Contact  AND  Incidents > Queue  equals  Rx Waiting Queue  AND  Custom Field > Channel  equals  Gabapentin),Clear Escalation
Incident,ClearEscalation,F10-Pharmacy Vet Waiting,F10- Rx Waiting LS Touch 3 - Action,Disabled,If (Incidents > Escalation Level  equals  Pharmacy Waiting Touch LS 3  AND  Incidents > Previous Escalation Level  not equals  Pharmacy Waiting Touch LS 3  AND  Incidents > Disposition  equals  Pending LS Third Contact  AND  Incidents > Queue  equals  Rx Waiting Queue),Clear Escalation
Incident,ClearEscalation,F10-Pharmacy Vet Waiting,F10- Rx SDF Waiting LS Touch 3 - Action,Enabled,If (Incidents > Escalation Level  equals  Pharmacy Waiting Touch LS 3  AND  Incidents > Previous Escalation Level  not equals  Pharmacy Waiting Touch LS 3  AND  Incidents > Disposition  equals  Pending LS Third Contact  AND  Incidents > Queue  equals  Rx Waiting Queue  AND  Custom Field > Channel  not equals  Gabapentin),Clear Escalation
Incident,ClearEscalation,F10-Pharmacy Vet Waiting,F10- Rx AVP Waiting LS Touch 3 - Action,Enabled,If (Incidents > Escalation Level  equals  Pharmacy Waiting Touch LS 3  AND  Incidents > Previous Escalation Level  not equals  Pharmacy Waiting Touch LS 3  AND  Incidents > Disposition  equals  Pending LS Third Contact  AND  Incidents > Queue  equals  Rx Waiting Queue  AND  Custom Field > Channel  equals  Gabapentin),Clear Escalation
Incident,ClearEscalation,F10-Pharmacy Vet Waiting,F10- Rx Waiting LS 24 - Action,Enabled,If (Incidents > Escalation Level  equals  Pharmacy Waiting LS 24 Cancel  AND  Incidents > Disposition  equals  Pending LS 24 Hour  AND  Incidents > Queue  equals  Rx Waiting Queue  AND  Incidents > Status  equals  Waiting),Clear Escalation
Incident,ClearEscalation,F10-Pharmacy Vet Waiting,F10- Rx Auto Touch 2 - Action,Enabled,If (Incidents > Escalation Level  equals  Pharmacy Waiting Touch 2.0  AND  Incidents > Previous Escalation Level  not equals  Pharmacy Waiting Touch 2.0  AND  Incidents > Disposition  equals  Pending Auto-Second Contact  AND  Incidents > Queue  equals  Rx Waiting Queue  AND  Incidents > Status  equals  Waiting),Clear Escalation
Incident,ClearEscalation,F10-Pharmacy Vet Waiting,F10- Rx Auto Touch 3 - Action,Enabled,If (Incidents > Escalation Level  equals  Pharmacy Waiting Touch 3.0  AND  Incidents > Previous Escalation Level  not equals  Pharmacy Waiting Touch 3.0  AND  Incidents > Disposition  equals  Pending Auto-Third Contact  AND  Incidents > Queue  equals  Rx Waiting Queue  AND  Incidents > Status  equals  Waiting),Clear Escalation
Incident,ClearEscalation,F10-Pharmacy Vet Waiting,F10- Rx Partial No Touch – Action,Enabled,"If (Incidents > Escalation Level  equals  RX Partial Approval AVP, RX Partial Approval SDF  AND  Incidents > Queue  equals  Rx Third Contact, Rx Third Contact Pending, Rx Third Contact - AVP, Rx Third Contact Pending - AVP, Rx Waiting Queue  AND  Incidents > Disposition  equals  Pending Third Contact  AND  Incidents > Category  equals  Partial Approval)",Clear Escalation
Incident,ClearEscalation,F10-Pharmacy Vet Waiting,F10- Rx Waiting Move To Cancel - Action,Enabled,If (Incidents > Escalation Level  equals  Pharmacy Waiting Move To Cancel  AND  Incidents > Disposition  equals  Pending 24 Hour Cancellation  AND  Incidents > Queue  equals  Rx Waiting Queue),Clear Escalation
Incident,ClearEscalation,F10-Pharmacy Vet Waiting,F10-Pharmacy Auto No Touch - Action,Disabled,"If (Incidents > Escalation Level  equals  null  AND  Incidents > Queue  equals  Rx Third Contact, Rx Third Contact Pending  AND  Incidents > Disposition  equals  Pending Auto-Third Contact)",Clear Escalation
Incident,ClearEscalation,F11-Pharmacy Client Waiting,F11-Pharmacy Client Waiting - Action,Disabled,If (Incidents > Escalation Level  equals  Pharmacy Client Waiting  AND  Incidents > Previous Escalation Level  not equals  Pharmacy Client Waiting  AND  Incidents > Disposition  equals  Pending Client-General),Clear Escalation
Incident,ClearEscalation,F11-Pharmacy Client Waiting,F11-Pharmacy Aged Order - Action,Enabled,If (Incidents > Escalation Level  equals  Rx Aged Orders  AND  Incidents > Escalation Level  is modified this edit),Clear Escalation
Incident,ClearEscalation,F14-Central Scheduling,F14-Send Confirmation Email - Action,Enabled,"If (Custom Field > Request Type  equals  Create or Modify Appointment, Reschedule Appt  AND  Custom Field > Sign Off  equals  Send Confirmation  AND  Incidents > Category  equals  Unspecified  AND  Incidents > Escalation Level  equals  Carrier Portal Confirmation)",Clear Escalation
Incident,ClearEscalation,F15-Petscription Auth Retries,F15-Petscription Auth Retries - Action,Enabled,If (Incidents > Escalation Level  equals  RetryPetscriptionAuth  AND  Incidents > Previous Escalation Level  not equals  RetryPetscriptionAuth),Clear Escalation
Incident,ClearEscalation,F20-Vet Approval Hub Update,F20- Pharmacy Vet Hub - Action,Enabled,"If (Incidents > Escalation Level  equals  Pharmacy Vet Hub  AND  Incidents > Disposition  equals  Pending Second Contact, Pending Third Contact, Pending Fourth Contact, Pending 24 Hour Cancellation  AND  Incidents > Queue  equals  Rx Waiting Queue  AND  Custom Field > Channel  equals  Approval Hub)",Clear Escalation
Incident,ClearEscalation,F20-Vet Approval Hub Update,F20- Approval Hub Touch 1- Action,Enabled,"If (Incidents > Escalation Level  is modified this edit    AND  Incidents > Escalation Level  equals  Approval Hub Touch 1  AND  Incidents > Previous Escalation Level  not equals  Approval Hub Touch 1  AND  Incidents > Queue  not equals  Rx Nevada DUR, Rx Pharmacy DUR, Rx Pharmacy DUR - AVP, Rx Priority DUR Queue, Rx TeleMed DUR  AND  Incidents > Disposition  equals  Pending Second Contact, Pending Third Contact, Pending Fourth Contact)",Clear Escalation
Incident,ClearEscalation,F20-Vet Approval Hub Update,F20- Approval Hub Touch 2- Action,Enabled,"If (Incidents > Escalation Level  is modified this edit    AND  Incidents > Escalation Level  equals  Approval Hub Touch 2  AND  Incidents > Previous Escalation Level  not equals  Approval Hub Touch 2  AND  Incidents > Queue  not equals  Rx Nevada DUR, Rx Pharmacy DUR, Rx Pharmacy DUR - AVP, Rx Priority DUR Queue  AND  Incidents > Disposition  equals  Pending Second Contact, Pending Third Contact, Pending Fourth Contact)",Clear Escalation
Incident,ClearEscalation,F20-Vet Approval Hub Update,F20- Rx Waiting 24 Cancel - Chain,Enabled,If (Incidents > Escalation Level  not equals  Approval Hub 24-hr Cancel  AND  Incidents > Disposition  equals  Pending 24 Hour Cancellation  AND  Incidents > Disposition  is modified this edit),Clear Escalation
Incident,ClearEscalation,F21-Pharmacy Client Mailer,F21-Pharmacy Mailer First - Action,Enabled,If (Incidents > Escalation Level  equals  Pharmacy Client Mailer  AND  Incidents > Previous Escalation Level  not equals  Pharmacy Client Mailer  AND  Incidents > Disposition  equals  Pending Client-Mailer),Clear Escalation
Incident,ClearEscalation,F21-Pharmacy Client Mailer,F21-Pharmacy Mailer Second - Action,Enabled,If (Incidents > Escalation Level  equals  Pharmacy Client Mailer Second  AND  Incidents > Previous Escalation Level  not equals  Pharmacy Client Mailer Second  AND  Incidents > Disposition  equals  Pending Client-Mailer  AND  Incidents > Category  equals  First Contact Sent  AND  Custom Field > Sign Off  equals  CMM First Notification Sent  AND  Custom Field > Channel  not equals  Gabapentin),Clear Escalation
Incident,ClearEscalation,F21-Pharmacy Client Mailer,F21-Pharmacy Mailer Second - Action Gaba,Enabled,If (Incidents > Escalation Level  equals  Pharmacy Client Mailer Second  AND  Incidents > Previous Escalation Level  not equals  Pharmacy Client Mailer Second  AND  Incidents > Disposition  equals  Pending Client-Mailer  AND  Incidents > Category  equals  First Contact Sent  AND  Custom Field > Sign Off  equals  CMM First Notification Sent  AND  Custom Field > Channel  equals  Gabapentin),Clear Escalation
Incident,ClearEscalation,F21-Pharmacy Client Mailer,F21-Pharmacy Mailer Third - Action,Enabled,If (Incidents > Escalation Level  equals  Pharmacy Client Mailer Third  AND  Incidents > Previous Escalation Level  not equals  Pharmacy Client Mailer Third  AND  Incidents > Disposition  equals  Pending Client-Mailer  AND  Incidents > Category  equals  Second Contact Sent  AND  Custom Field > Sign Off  equals  CMM Second Notification Sent  AND  Custom Field > Channel  not equals  Gabapentin),Clear Escalation
Incident,ClearEscalation,F21-Pharmacy Client Mailer,F21-Pharmacy Mailer Third - Action Gaba,Enabled,If (Incidents > Escalation Level  equals  Pharmacy Client Mailer Third  AND  Incidents > Previous Escalation Level  not equals  Pharmacy Client Mailer Third  AND  Incidents > Disposition  equals  Pending Client-Mailer  AND  Incidents > Category  equals  Second Contact Sent  AND  Custom Field > Sign Off  equals  CMM Second Notification Sent  AND  Custom Field > Channel  equals  Gabapentin),Clear Escalation
Incident,ClearEscalation,F21-Pharmacy Client Mailer,F21-Pharmacy Mailer Fourth - Action,Enabled,If (Incidents > Escalation Level  equals  Pharmacy Client Mailer Fourth  AND  Incidents > Previous Escalation Level  not equals  Pharmacy Client Mailer Fourth  AND  Incidents > Disposition  equals  Pending Client-Mailer  AND  Incidents > Category  equals  Third Contact Sent  AND  Custom Field > Sign Off  equals  CMM Third Notification Sent  AND  Custom Field > Channel  not equals  Gabapentin),Clear Escalation
Incident,ClearEscalation,F21-Pharmacy Client Mailer,F21-Pharmacy Mailer Fourth - Action Gaba,Enabled,If (Incidents > Escalation Level  equals  Pharmacy Client Mailer Fourth  AND  Incidents > Previous Escalation Level  not equals  Pharmacy Client Mailer Fourth  AND  Incidents > Disposition  equals  Pending Client-Mailer  AND  Incidents > Category  equals  Third Contact Sent  AND  Custom Field > Sign Off  equals  CMM Third Notification Sent  AND  Custom Field > Channel  equals  Gabapentin),Clear Escalation
Incident,ClearEscalation,F21-Pharmacy Client Mailer,F21-Pharmacy Mailer Fifth - Action,Enabled,If (Incidents > Escalation Level  equals  Pharmacy Client Mailer Fifth  AND  Incidents > Previous Escalation Level  not equals  Pharmacy Client Mailer Fifth  AND  Incidents > Disposition  equals  Pending Client-Mailer  AND  Incidents > Category  equals  Fourth Contact Sent  AND  Custom Field > Sign Off  equals  CMM Fourth Notification Sent  AND  Custom Field > Channel  not equals  Gabapentin),Clear Escalation
Incident,ClearEscalation,F21-Pharmacy Client Mailer,F21-Pharmacy Mailer Fifth - Action Gaba,Enabled,If (Incidents > Escalation Level  equals  Pharmacy Client Mailer Fifth  AND  Incidents > Previous Escalation Level  not equals  Pharmacy Client Mailer Fifth  AND  Incidents > Disposition  equals  Pending Client-Mailer  AND  Incidents > Category  equals  Fourth Contact Sent  AND  Custom Field > Sign Off  equals  CMM Fourth Notification Sent  AND  Custom Field > Channel  equals  Gabapentin),Clear Escalation
Incident,ClearEscalation,F21-Pharmacy Client Mailer,F21-Pharmacy Mailer Sixth - Action,Disabled,If (Incidents > Escalation Level  equals  Pharmacy Client Mailer Sixth  AND  Incidents > Previous Escalation Level  not equals  Pharmacy Client Mailer Sixth  AND  Incidents > Disposition  equals  Pending Client-Mailer  AND  Incidents > Category  equals  Fifth Contact Sent  AND  Custom Field > Sign Off  equals  CMM Fifth Notification Sent  AND  Custom Field > Channel  not equals  Gabapentin),Clear Escalation
Incident,ClearEscalation,F21-Pharmacy Client Mailer,F21-Pharmacy Mailer Sixth - Action Gaba,Disabled,If (Incidents > Escalation Level  equals  Pharmacy Client Mailer Sixth  AND  Incidents > Previous Escalation Level  not equals  Pharmacy Client Mailer Sixth  AND  Incidents > Disposition  equals  Pending Client-Mailer  AND  Incidents > Category  equals  Fifth Contact Sent  AND  Custom Field > Sign Off  equals  CMM Fifth Notification Sent  AND  Custom Field > Channel  equals  Gabapentin),Clear Escalation
Incident,ClearEscalation,F21-Pharmacy Client Mailer,F21-Pharmacy Mailer Seventh - Action,Disabled,If (Incidents > Escalation Level  equals  Pharmacy Client Mailer Seventh  AND  Incidents > Previous Escalation Level  not equals  Pharmacy Client Mailer Seventh  AND  Incidents > Disposition  equals  Pending Client-Mailer  AND  Incidents > Category  equals  Sixth Contact Sent  AND  Custom Field > Sign Off  equals  CMM Sixth Notification Sent  AND  Custom Field > Channel  not equals  Gabapentin),Clear Escalation
Incident,ClearEscalation,F21-Pharmacy Client Mailer,F21-Pharmacy Mailer Seventh - Action Gab,Disabled,If (Incidents > Escalation Level  equals  Pharmacy Client Mailer Seventh  AND  Incidents > Previous Escalation Level  not equals  Pharmacy Client Mailer Seventh  AND  Incidents > Disposition  equals  Pending Client-Mailer  AND  Incidents > Category  equals  Sixth Contact Sent  AND  Custom Field > Sign Off  equals  CMM Sixth Notification Sent  AND  Custom Field > Channel  equals  Gabapentin),Clear Escalation
Incident,ClearEscalation,F21-Pharmacy Client Mailer,F21-Pharmacy Mailer Eighth - Action,Disabled,If (Incidents > Escalation Level  equals  Pharmacy Client Mailer Eighth  AND  Incidents > Previous Escalation Level  not equals  Pharmacy Client Mailer Eighth  AND  Incidents > Disposition  equals  Pending Client-Mailer  AND  Incidents > Category  equals  Seventh Contact Sent  AND  Custom Field > Sign Off  equals  CMM Seventh Notification Sent  AND  Custom Field > Channel  not equals  Gabapentin),Clear Escalation
Incident,ClearEscalation,F21-Pharmacy Client Mailer,F21-Pharmacy Mailer Eighth - Action Gaba,Disabled,If (Incidents > Escalation Level  equals  Pharmacy Client Mailer Eighth  AND  Incidents > Previous Escalation Level  not equals  Pharmacy Client Mailer Eighth  AND  Incidents > Disposition  equals  Pending Client-Mailer  AND  Incidents > Category  equals  Seventh Contact Sent  AND  Custom Field > Sign Off  equals  CMM Seventh Notification Sent  AND  Custom Field > Channel  equals  Gabapentin),Clear Escalation
Incident,ClearEscalation,F21-Pharmacy Client Mailer,F21-Pharmacy Mailer Ninth - Action,Enabled,"If (Incidents > Escalation Level  equals  Pharmacy Client Mailer Ninth  AND  Incidents > Previous Escalation Level  not equals  Pharmacy Client Mailer Ninth  AND  Incidents > Disposition  equals  Pending Client-Mailer  AND  Incidents > Category  equals  Fifth Contact Sent, Sixth Contact Sent, Seventh Contact Sent, Eighth Contact Sent  AND  Custom Field > Channel  not equals  Gabapentin  AND (  Custom Field > Sign Off  equals  CMM Fifth Notification Sent  OR  Custom Field > Sign Off  equals  CMM Sixth Notification Sent  OR  Custom Field > Sign Off  equals  CMM Seventh Notification Sent  OR  Custom Field > Sign Off  equals  CMM Eighth Notification Sent ))",Clear Escalation
Incident,ClearEscalation,F21-Pharmacy Client Mailer,F21-Pharmacy Mailer Ninth - Action Gaba,Enabled,"If (Incidents > Escalation Level  equals  Pharmacy Client Mailer Ninth  AND  Incidents > Previous Escalation Level  not equals  Pharmacy Client Mailer Ninth  AND  Incidents > Disposition  equals  Pending Client-Mailer  AND  Incidents > Category  equals  Fifth Contact Sent, Sixth Contact Sent, Seventh Contact Sent, Eighth Contact Sent  AND  Custom Field > Channel  equals  Gabapentin  AND (  Custom Field > Sign Off  equals  CMM Sixth Notification Sent  OR  Custom Field > Sign Off  equals  CMM Seventh Notification Sent  OR  Custom Field > Sign Off  equals  CMM Fifth Notification Sent  OR  Custom Field > Sign Off  equals  CMM Eighth Notification Sent ))",Clear Escalation
Incident,ClearEscalation,F21-Pharmacy Client Mailer,F21-Pharmacy Mailer 24 Cancel - Action,Enabled,If (Incidents > Escalation Level  equals  Pharmacy Mailer 24 Hour Cancel  AND  Incidents > Previous Escalation Level  not equals  Pharmacy Mailer 24 Hour Cancel  AND  Incidents > Disposition  equals  Pending Client-Mailer  AND  Incidents > Category  equals  Final Contact 24 Hour Notification Sent  AND (  Custom Field > Sign Off  equals  CMM 24 Hour Notification Sent  OR  Custom Field > Sign Off  equals  CMM Ninth Notification Sent )  AND  Custom Field > Channel  not equals  Gabapentin),Clear Escalation
Incident,ClearEscalation,F21-Pharmacy Client Mailer,F21-Pharmacy Mailer 24Cancel-Action Gaba,Enabled,If (Incidents > Escalation Level  equals  Pharmacy Mailer 24 Hour Cancel  AND  Incidents > Previous Escalation Level  not equals  Pharmacy Mailer 24 Hour Cancel  AND  Incidents > Disposition  equals  Pending Client-Mailer  AND  Incidents > Category  equals  Final Contact 24 Hour Notification Sent  AND (  Custom Field > Sign Off  equals  CMM 24 Hour Notification Sent  OR  Custom Field > Sign Off  equals  CMM Ninth Notification Sent )  AND  Custom Field > Channel  equals  Gabapentin),Clear Escalation
Incident,ClearEscalation,F25-Q&A Function,F25-Q&A MFG Follow Up - Action 2,Enabled,If (Incidents > Escalation Level  equals  Q&A MFG Follow-Up 2  AND  Incidents > Previous Escalation Level  not equals  Q&A MFG Follow-Up 2),Clear Escalation
Incident,ClearEscalation,F27-Vet Diet Waiting,F27- JustFoodForDogs - Action,Enabled,If (Incidents > Escalation Level  is modified this edit    AND  Incidents > Escalation Level  equals  JFFD Follow Up  AND  Incidents > Previous Escalation Level  not equals  JFFD Follow Up),Clear Escalation
Incident,ClearEscalation,F27-Vet Diet Waiting,F27-Vet + Medication Touch 2 - Action,Enabled,If (Incidents > Previous Escalation Level  equals  null  AND  Incidents > Escalation Level  equals  Vet + Medication Touch2  AND  Incidents > Status  not equals  Solved),Clear Escalation
Incident,ClearEscalation,F27-Vet Diet Waiting,F27-Vet + Medication Touch 3 - Action,Enabled,If (Incidents > Previous Escalation Level  equals  null  AND  Incidents > Escalation Level  equals  Vet + Medication Touch 3  AND  Incidents > Status  is modified this edit),Clear Escalation
Incident,ClearEscalation,F27-Vet Diet Waiting,F27-Vet + Medication Pick up - Action,Enabled,If (Incidents > Previous Escalation Level  not equals  Vet Diet + Med Pick up Touch 2  AND  Incidents > Escalation Level  equals  Vet Diet + Med Pick up Touch 2  AND  Incidents > Status  not equals  Solved),Clear Escalation
Incident,ClearEscalation,F27-Vet Diet Waiting,F27- Partial Approval - Action,Enabled,If (Incidents > Previous Escalation Level  equals  null  AND  Incidents > Escalation Level  equals  Vet Diet Partial Approval  AND  Incidents > Escalation Level  is modified this edit),Clear Escalation
Incident,ClearEscalation,F27-Vet Diet Waiting,F27- Phone/Null Pref Touch 2 - Action,Enabled,If (Incidents > Previous Escalation Level  equals  null  AND  Incidents > Escalation Level  equals  Vet Diet PhoneNull Touch 2  AND  Incidents > Status  not equals  Solved),Clear Escalation
Incident,ClearEscalation,F27-Vet Diet Waiting,F27- Phone/Null Pref Touch 3 - Action,Enabled,If (Incidents > Previous Escalation Level  equals  null  AND  Incidents > Escalation Level  equals  Vet Diet PhoneNull Touch 3  AND  Incidents > Status  not equals  Solved),Clear Escalation
Incident,ClearEscalation,F27-Vet Diet Waiting,F27- Fax Pref Touch 2 - Action,Enabled,If (Incidents > Previous Escalation Level  not equals  Vet Diet Fax Touch 2  AND  Incidents > Escalation Level  equals  Vet Diet Fax Touch 2  AND  Incidents > Status  equals  Waiting  AND  Incidents > Disposition  equals  Pending Second Contact),Clear Escalation
Incident,ClearEscalation,F27-Vet Diet Waiting,F27- Fax Pref Touch 3 - Action,Disabled,If (Incidents > Previous Escalation Level  equals  null  AND  Incidents > Escalation Level  equals  Vet Diet Fax Touch 3  AND  Incidents > Status  not equals  Solved),Clear Escalation
Incident,ClearEscalation,F27-Vet Diet Waiting,F27- Fax Pref Touch 3 - Action.auto,Enabled,If (Incidents > Previous Escalation Level  equals  null  AND  Incidents > Escalation Level  equals  Vet Diet Fax Touch 3  AND  Incidents > Status  not equals  Solved),Clear Escalation
Incident,ClearEscalation,F27-Vet Diet Waiting,F27- Email Pref Touch 2 - Action,Enabled,If (Incidents > Previous Escalation Level  equals  null  AND  Incidents > Escalation Level  equals  Vet Diet Email Touch 2  AND  Incidents > Status  equals  Waiting  AND  Incidents > Disposition  equals  Pending Second Contact),Clear Escalation
Incident,ClearEscalation,F27-Vet Diet Waiting,F27- Email Pref Touch 3 - Action,Disabled,If (Incidents > Previous Escalation Level  equals  null  AND  Incidents > Escalation Level  equals  Vet Diet Email Touch 3  AND  Incidents > Status  not equals  Solved),Clear Escalation
Incident,ClearEscalation,F27-Vet Diet Waiting,F27- Email Pref Touch 3 - Action.auto,Enabled,If (Incidents > Previous Escalation Level  equals  null  AND  Incidents > Escalation Level  equals  Vet Diet Email Touch 3  AND  Incidents > Status  not equals  Solved),Clear Escalation
Incident,ClearEscalation,F27-Vet Diet Waiting,F27- No Clinic Contact Touch 2 - Action,Enabled,If (Incidents > Previous Escalation Level  not equals  Vet Diet No Contact Touch 2  AND  Incidents > Escalation Level  equals  Vet Diet No Contact Touch 2  AND  Incidents > Status  not equals  Solved),Clear Escalation
Incident,ClearEscalation,F27-Vet Diet Waiting,F27- Waiting 48-Hour Cancel - Action,Enabled,"If (Incidents > Previous Escalation Level  equals  null  AND  Incidents > Escalation Level  equals  VD Cancel Miss, Vet Diet 48 hour Cancel  AND  Incidents > Status  not equals  Solved  AND  Incidents > Disposition  equals  Pending 48-Hour Cancellation)",Clear Escalation
Incident,ClearEscalation,F27-Vet Diet Waiting,F27- Denied: Cancellation - Action,Enabled,"If (Incidents > Previous Escalation Level  equals  OCR2complete, null  AND  Incidents > Escalation Level  equals  DeniedNeedExam, DeniedNeedExampbc, DeniedNotaClient, DeniedNotaClientpbc, DeniedOther, DeniedOtherpbc, DeniedWrongItem, DeniedWrongItempbc, DeniedWrongPet, DeniedWrongPetpbc  AND  Incidents > Status  not equals  Solved  AND  Incidents > Disposition  equals  Pending 48-Hour Cancellation)",Clear Escalation
Incident,ClearEscalation,F27-Vet Diet Waiting,F27- Waiting 48-Hour Denied - Actiion,Disabled,If (Incidents > Previous Escalation Level  equals  null  AND  Incidents > Escalation Level  equals  Vet Diet 48 hour Denied  AND  Incidents > Status  not equals  Solved  AND  Incidents > Disposition  equals  Pending 48-Hour Cancellation),Clear Escalation
Incident,ClearEscalation,F27-Vet Diet Waiting,F27-Unassign - Action,Disabled,"If (Incidents > Escalation Level  equals  UnassignVetDietOM  AND  Incidents > Previous Escalation Level  not equals  UnassignVetDietOM  AND  Incidents > Assigned  not equals  Unspecified  AND  Incidents > Status  equals  Unresolved, Waiting, Unspecified)",Clear Escalation
Incident,ClearEscalation,F29-Vet Diet Parent Routing,F29 - Parent Waiting - Action,Enabled,If (Incidents > Escalation Level  is modified this edit    AND  Incidents > Escalation Level  equals  Call Parent  AND  Incidents > Previous Escalation Level  equals  null),Clear Escalation
Incident,ClearEscalation,F30-Vet Chat Follow-Ups,F30-Vet Chat Follow-Up P1-Action,Enabled,If (Incidents > Escalation Level  equals  Vet Chat Priority 1  AND  Incidents > Escalation Level  is modified this edit    AND  Custom Field > Remove from Vet Tech Follow-Up  not equals  Yes),Clear Escalation
Incident,ClearEscalation,F30-Vet Chat Follow-Ups,F30-Vet Chat Follow-Up P2-Action,Enabled,If (Incidents > Escalation Level  equals  Vet Chat Priority 2  AND  Incidents > Escalation Level  is modified this edit    AND  Custom Field > Remove from Vet Tech Follow-Up  not equals  Yes),Clear Escalation
Incident,ClearEscalation,F30-Vet Chat Follow-Ups,F30-Vet Chat Follow-Up P3-Action,Enabled,If (Incidents > Escalation Level  equals  Vet Chat Priority 3  AND  Incidents > Escalation Level  is modified this edit    AND  Custom Field > Remove from Vet Tech Follow-Up  not equals  Yes),Clear Escalation
Incident,ClearEscalation,F30-Vet Chat Follow-Ups,F30-Vet Chat Follow-Up P3-Solve,Enabled,If (Incidents > Escalation Level  equals  Vet Chat Priority 3 Solve  AND  Incidents > Escalation Level  is modified this edit    AND  Custom Field > Remove from Vet Tech Follow-Up  not equals  Yes),Clear Escalation
Incident,ClearEscalation,F30-Vet Chat Follow-Ups,F30-Vet Chat Follow-Up Cust-Action,Enabled,If (Incidents > Escalation Level  equals  Vet Chat Follow-Up Pending Customer  AND  Incidents > Escalation Level  is modified this edit    AND  Incidents > Status  equals  Waiting),Clear Escalation
Incident,ClearEscalation,F32-Pharmacy Follow-Up,F32- Rx Lead Follow Up – Action,Enabled,If (Incidents > Escalation Level  is modified this edit    AND  Incidents > Escalation Level  equals  Rx Lead Follow Up  AND  Incidents > Previous Escalation Level  not equals  Rx Lead Follow Up  AND  Custom Field > Channel  not equals  Gabapentin),Clear Escalation
Incident,ClearEscalation,F32-Pharmacy Follow-Up,F32- Rx Lead Follow Up – Action Gaba,Enabled,If (Incidents > Escalation Level  is modified this edit    AND  Incidents > Escalation Level  equals  Rx Lead Follow Up  AND  Incidents > Previous Escalation Level  not equals  Rx Lead Follow Up  AND  Custom Field > Channel  equals  Gabapentin),Clear Escalation
Incident,ClearEscalation,F32-Pharmacy Follow-Up,F32- Rx Tech Follow Up – Action,Enabled,If (Incidents > Escalation Level  is modified this edit    AND  Incidents > Escalation Level  equals  Rx Tech Follow Up  AND  Incidents > Previous Escalation Level  not equals  Rx Tech Follow Up  AND  Custom Field > Channel  not equals  Gabapentin),Clear Escalation
Incident,ClearEscalation,F32-Pharmacy Follow-Up,F32- Rx Tech Follow Up – Action Gaba,Enabled,If (Incidents > Escalation Level  is modified this edit    AND  Incidents > Escalation Level  equals  Rx Tech Follow Up  AND  Incidents > Previous Escalation Level  equals  null  AND  Custom Field > Channel  equals  Gabapentin),Clear Escalation
Incident,ClearEscalation,F32-Pharmacy Follow-Up,F32- Rx Pharmacist Follow Up – Action,Enabled,If (Incidents > Escalation Level  is modified this edit    AND  Incidents > Escalation Level  equals  Rx Pharmacist Follow Up  AND  Incidents > Previous Escalation Level  not equals  Rx Pharmacist Follow Up),Clear Escalation
Incident,ClearEscalation,F52-CA-Reassign to CS OM,F52-CA-Unassign - Action,Enabled,"If (Incidents > Escalation Level  equals  CA-UnassignOM  AND  Incidents > Previous Escalation Level  not equals  CA-UnassignOM  AND  Incidents > Assigned  not equals  Unspecified  AND  Incidents > Status  equals  Unresolved, Updated, Waiting, Unspecified  AND  Incidents > Interface  equals  chewyca)",Clear Escalation
Incident,ClearEscalation,F53-CA-Tiger Team Follow Up,F53-CA-Tiger Team Follow Up - Action,Enabled,If (Incidents > Escalation Level  equals  CA-Tiger Team  AND  Incidents > Previous Escalation Level  not equals  CA-Tiger Team),Clear Escalation
Incident,ClearEscalation,F54-CA-Team Lead Escalation,F54-CA-Team Lead - Action,Enabled,If (Incidents > Escalation Level  equals  CA-Team Lead  AND  Incidents > Previous Escalation Level  not equals  CA-Team Lead),Clear Escalation
Incident,ClearEscalation,F55-CA-Central Scheduling,F55-CA-Send Confirmation Email - Action,Enabled,"If (Custom Field > Request Type  equals  Create or Modify Appointment, Reschedule Appt  AND  Custom Field > Sign Off  equals  Send Confirmation  AND  Incidents > Category  equals  Unspecified  AND  Incidents > Escalation Level  equals  CA-Carrier Portal Confirmation  AND  Incidents > Interface  equals  chewyca)",Clear Escalation
Incident,ClearEscalation,F60-CA-NPS or PDI Reassign to Queue,F60-CA-NPS or PDI Unassign - Action,Enabled,If (Incidents > Escalation Level  equals  CA-NPS Unassign  AND  Incidents > Previous Escalation Level  not equals  CA-NPS Unassign  AND  Incidents > Interface  equals  chewyca),Clear Escalation
Incident,ClearEscalation,F61-CA-Q&A Function,F61-CA-Q&A MFG Follow Up - Action 2,Enabled,If (Incidents > Escalation Level  equals  CA-Cancel Order Process 2  AND  Incidents > Previous Escalation Level  not equals  CA-Cancel Order Process 2  AND  Incidents > Interface  equals  chewyca),Clear Escalation
Incident,ClearEscalation,F62-CVC-PMR Escalations,F62-00 0Day Escalation,Disabled,If (Custom Field > Expiration Date  equals  +0 Days Exactly From Now  AND (  Incidents > Previous Escalation Level  not equals  PMR 0 Day  AND  Incidents > Escalation Level  is modified this edit    OR  Incidents > Queue  is modified this edit    AND  Incidents > Queue  equals  CVC Medical Request  OR  Custom Field > Expiration Date  is modified this edit   )),Clear Escalation
Incident,ClearEscalation,F62-CVC-PMR Escalations,F62-00 +7Day Final Escalation,Enabled,If (Custom Field > Expiration Date  equals  -7 Days Exactly From Now  AND (  Incidents > Previous Escalation Level  not equals  PMR Final Ask +7 Days  AND  Incidents > Escalation Level  is modified this edit    OR  Incidents > Queue  is modified this edit    AND  Incidents > Queue  equals  CVC Medical Request  OR  Custom Field > Expiration Date  is modified this edit   )),Clear Escalation
Incident,ClearEscalation,F62-CVC-PMR Escalations,F62-01 1Day Escalation,Enabled,If (Custom Field > Expiration Date  equals  +1 Days Exactly From Now  AND (  Incidents > Previous Escalation Level  not equals  PMR 1 Day  AND  Incidents > Escalation Level  is modified this edit    OR  Incidents > Queue  is modified this edit    AND  Incidents > Queue  equals  CVC Medical Request  OR  Custom Field > Expiration Date  is modified this edit   )),Clear Escalation
Incident,ClearEscalation,F62-CVC-PMR Escalations,F62-02 2Day Escalation,Disabled,If (Custom Field > Expiration Date  equals  +2 Days Exactly From Now  AND (  Incidents > Previous Escalation Level  not equals  PMR 2 Day  AND  Incidents > Escalation Level  is modified this edit    OR  Incidents > Queue  is modified this edit    AND  Incidents > Queue  equals  CVC Medical Request  OR  Custom Field > Expiration Date  is modified this edit   )),Clear Escalation
Incident,ClearEscalation,F62-CVC-PMR Escalations,F62-03 3Day Escalation,Disabled,If (Custom Field > Expiration Date  equals  +3 Days Exactly From Now  AND (  Incidents > Previous Escalation Level  not equals  PMR 3 Day  AND  Incidents > Escalation Level  is modified this edit    OR  Incidents > Queue  is modified this edit    AND  Incidents > Queue  equals  CVC Medical Request  OR  Custom Field > Expiration Date  is modified this edit   )),Clear Escalation
Incident,ClearEscalation,F62-CVC-PMR Escalations,F62-04 8Day Escalation,Disabled,If (Custom Field > Expiration Date  equals  +8 Days Exactly From Now  AND (  Incidents > Previous Escalation Level  not equals  PMR 8 Day  AND  Incidents > Escalation Level  is modified this edit    OR  Incidents > Queue  is modified this edit    AND  Incidents > Queue  equals  CVC Medical Request  OR  Custom Field > Expiration Date  is modified this edit   )),Clear Escalation
Incident,ClearEscalation,F62-CVC-PMR Escalations,F62-04 12Day Escalation,Disabled,If (Custom Field > Expiration Date  equals  +12 Days Exactly From Now  AND (  Incidents > Previous Escalation Level  not equals  PMR 8 Day  AND  Incidents > Escalation Level  is modified this edit    OR  Incidents > Queue  is modified this edit    AND  Incidents > Queue  equals  CVC Medical Request  OR  Custom Field > Expiration Date  is modified this edit   )),Clear Escalation
Incident,ClearEscalation,F62-CVC-PMR Escalations,Copy of F62-04 12Day Escalation,Disabled,If (Custom Field > Expiration Date  equals  +28 Days Exactly From Now  AND (  Incidents > Previous Escalation Level  not equals  Initial PMR Creation  AND  Incidents > Escalation Level  is modified this edit    OR  Incidents > Queue  is modified this edit    AND  Incidents > Queue  equals  CVC Medical Request  OR  Custom Field > Expiration Date  is modified this edit   )),Clear Escalation
Incident,ClearEscalation,F62-CVC-PMR Escalations,F62-04 4Day Escalation,Enabled,If (Custom Field > Expiration Date  equals  +4 Days Exactly From Now  AND (  Incidents > Previous Escalation Level  not equals  PMR 7 Day  AND  Incidents > Escalation Level  is modified this edit    OR  Incidents > Queue  is modified this edit    AND  Incidents > Queue  equals  CVC Medical Request  OR  Custom Field > Expiration Date  is modified this edit   )),Clear Escalation
Incident,ClearEscalation,F62-CVC-PMR Escalations,F62-04 7Day Escalation,Enabled,If (Custom Field > Expiration Date  equals  +7 Days Exactly From Now  AND (  Incidents > Previous Escalation Level  not equals  PMR 14 Day  AND  Incidents > Escalation Level  is modified this edit    OR  Incidents > Queue  is modified this edit    AND  Incidents > Queue  equals  CVC Medical Request  OR  Custom Field > Expiration Date  is modified this edit   )),Clear Escalation
Incident,ClearEscalation,F62-CVC-PMR Escalations,F62-04 14Day Escalation,Enabled,If (Custom Field > Expiration Date  equals  +14 Days Exactly From Now  AND (  Incidents > Previous Escalation Level  not equals  PMR 21 Day  AND  Incidents > Escalation Level  is modified this edit    OR  Incidents > Queue  is modified this edit    AND  Incidents > Queue  equals  CVC Medical Request  OR  Custom Field > Expiration Date  is modified this edit   )),Clear Escalation
Incident,ClearEscalation,F62-CVC-PMR Escalations,F62-04 21Day Escalation,Enabled,If (Custom Field > Expiration Date  equals  +21 Days Exactly From Now  AND (  Incidents > Previous Escalation Level  not equals  PMR 28Day  AND  Incidents > Escalation Level  is modified this edit    OR  Incidents > Queue  is modified this edit    AND  Incidents > Queue  equals  CVC Medical Request  OR  Custom Field > Expiration Date  is modified this edit   )),Clear Escalation
Incident,ClearEscalation,F62-CVC-PMR Escalations,F62-04 28Day Escalation,Enabled,If (Custom Field > Expiration Date  equals  +28 Days Exactly From Now  AND (  Incidents > Previous Escalation Level  not equals  PMR 28 Day Mailer  AND  Incidents > Escalation Level  is modified this edit    OR  Incidents > Queue  is modified this edit    AND  Incidents > Queue  equals  CVC Medical Request  OR  Custom Field > Expiration Date  is modified this edit   )),Clear Escalation
Incident,ClearEscalation,F62-CVC-PMR Escalations,F62-05 Initial PMR Request,Enabled,If (Custom Field > Expiration Date  is modified this edit    AND (  Incidents > Previous Escalation Level  not equals  Initial PMR Creation  AND  Incidents > Escalation Level  is modified this edit    OR  Incidents > Queue  is modified this edit    AND  Incidents > Queue  equals  CVC Medical Request )),Clear Escalation
Incident,ClearEscalation,F63-CVC-48hr Notification,F63-00 48hr Escalation,Enabled,"If ((  Custom Field > Expiration Date  equals  12/04/2025 )  AND  Incidents > Previous Escalation Level  not equals  Rhapsody FollowUp Task, Appt 2 Day  AND  Incidents > Channel  not equals  Email, Email)",Clear Escalation
Incident,ClearEscalation,F67-CA 24 Hrs Auto Assignment,F67-CA 24hr Auto assign Escalation Action,Enabled,If (Incidents > Escalation Level  is modified this edit    AND  Incidents > Escalation Level  equals  VPP ESCLATION NOT ASSIGNED CA  AND  Incidents > Interface  equals  chewyca),Clear Escalation
Incident,ClearEscalation,F68-VSP 24 Hrs Auto Assignment,F68-VSP 24hr Auto assign Escalation Action,Enabled,If (Incidents > Escalation Level  is modified this edit    AND  Incidents > Escalation Level  equals  VPP ESCLATION NOT ASSIGNED  AND  Incidents > Interface  equals  chewy),Clear Escalation
Incident,ClearEscalation,F69 - VSP - Auto Close,F69 - VSP - Auto Close Escalation Action,Enabled,If (Incidents > Escalation Level  is modified this edit    AND  Incidents > Escalation Level  equals  VPP_AUTO_CLOSE  AND  Incidents > Interface  equals  chewy),Clear Escalation
Incident,ClearEscalation,F69 - VSP - Auto Close,F69 - VSP - Auto Close Part 2 Escalation Action,Enabled,If (Incidents > Escalation Level  is modified this edit    AND  Incidents > Escalation Level  equals  VPP_AUTO_CLOSE_PART2  AND  Incidents > Interface  equals  chewy),Clear Escalation
Incident,ClearEscalation,F70 - VSP-CA - Auto Close,F70 - VSP-CA - Auto Close Escalation Action,Enabled,If (Incidents > Escalation Level  is modified this edit    AND  Incidents > Escalation Level  equals  VPP_CA_AUTO_CLOSE  AND  Incidents > Interface  equals  chewyca),Clear Escalation
Incident,ClearEscalation,F70 - VSP-CA - Auto Close,F70 - VSP-CA - Auto Close Part 2 Escalation Action,Enabled,If (Incidents > Escalation Level  is modified this edit    AND  Incidents > Escalation Level  equals  VPP_CA_AUTO_CLOSE_PART2  AND  Incidents > Interface  equals  chewy),Clear Escalation
Incident,ClearEscalation,F71 Rhapsody Task Follow-Up,F71 - Rhapsody Task Follow-Up  - Action,Enabled,If (Incidents > Escalation Level  equals  Rhapsody FollowUp Task  AND  Incidents > Previous Escalation Level  not equals  Rhapsody FollowUp Task),Clear Escalation
Incident,ClearEscalation,F72 - LCSR Follow Up,F72 - LCSR Follow Up - Action,Enabled,If (Incidents > Escalation Level  equals  LCSR Follow-Up  AND  Incidents > Previous Escalation Level  not equals  LCSR Follow-Up  AND  Incidents > Queue  not equals  CarePlus Waiting),Clear Escalation
Incident,ClearEscalation,F72 - LCSR Follow Up,F72 - LCSR Follow Up for Care Plus- Action,Enabled,If (Incidents > Escalation Level  equals  CarePlus Follow-Up  AND  Incidents > Previous Escalation Level  not equals  CarePlus Follow-Up  AND  Incidents > Queue  equals  CarePlus Waiting),Clear Escalation
Incident,ClearEscalation,F74 CSRX Follow-Up Escalation,F74 - CSRX Follow Up - Action,Enabled,If (Incidents > Escalation Level  equals  CSRX Follow-Up Escalation  AND  Incidents > Previous Escalation Level  not equals  CSRX Follow-Up Escalation),Clear Escalation
Incident,ClearEscalation,F74 CSRX Follow-Up Escalation,F74 - CSRX Decline Follow Up - Action,Disabled,If (Incidents > Escalation Level  equals  CSRX Decline Follow-Up Escalation  AND  Incidents > Previous Escalation Level  not equals  CSRX Decline Follow-Up Escalation),Clear Escalation
